name	replicate	type	bam
MUL1_rs6700034	c1.1	cDNA	MUL1_rs6700034_cDNA_rep1_pcr1.sortedByCoord.bam
MUL1_rs6700034	c1.2	cDNA	MUL1_rs6700034_cDNA_rep1_pcr2.sortedByCoord.bam
MUL1_rs6700034	c1.3	cDNA	MUL1_rs6700034_cDNA_rep1_pcr3.sortedByCoord.bam
MUL1_rs6700034	c1.4	cDNA	MUL1_rs6700034_cDNA_rep1_pcr4.sortedByCoord.bam
MUL1_rs6700034	c2.5	cDNA	MUL1_rs6700034_cDNA_rep2_pcr5.sortedByCoord.bam
MUL1_rs6700034	c2.6	cDNA	MUL1_rs6700034_cDNA_rep2_pcr6.sortedByCoord.bam
MUL1_rs6700034	c2.7	cDNA	MUL1_rs6700034_cDNA_rep2_pcr7.sortedByCoord.bam
MUL1_rs6700034	c2.8	cDNA	MUL1_rs6700034_cDNA_rep2_pcr8.sortedByCoord.bam
MUL1_rs6700034	g1.1	gDNA	MUL1_rs6700034_gDNA_rep1_pcr1.sortedByCoord.bam
MUL1_rs6700034	g1.2	gDNA	MUL1_rs6700034_gDNA_rep1_pcr2.sortedByCoord.bam
MUL1_rs6700034	g1.3	gDNA	MUL1_rs6700034_gDNA_rep1_pcr3.sortedByCoord.bam
MUL1_rs6700034	g1.4	gDNA	MUL1_rs6700034_gDNA_rep1_pcr4.sortedByCoord.bam
